{"train_input_mins": [0.21021247820852546, 3.000000758511308, 250.0, 0.19409053333889578, -0.009999618141995313, -0.009999490058927914, 58000000.0, -24.998714513984325, 70000000.0, -24.99972566363747, 1.000039854940649, -3.990444304119449, 1.0007061999094193, -6.999887318319171, -6.998418428856965, 1.000026533968218], "train_input_maxs": [0.4999996083265339, 11.998569812014836, 250.0, 0.2563030896232562, 0.0099925212795954, 0.009999443099573097, 58000000.0, 9.991752397382681, 70000000.0, 9.998904767155892, 3.998197816908352, -1.0105116218007806, 6.9997773994714345, 0.9983521010385275, 0.9993010487139868, 6.998086093251312], "model_in_list": ["distgen:r_dist:sigma_xy:value", "distgen:t_dist:length:value", "distgen:total_charge:value", "SOL1:solenoid_field_scale", "CQ01:b1_gradient", "SQ01:b1_gradient", "L0A_scale:voltage", "L0A_phase:dtheta0_deg", "L0B_scale:voltage", "L0B_phase:dtheta0_deg", "QA01:b1_gradient", "QA02:b1_gradient", "QE01:b1_gradient", "QE02:b1_gradient", "QE03:b1_gradient", "QE04:b1_gradient"], "model_out_list": ["sigma_x", "sigma_y", "sigma_z", "norm_emit_x", "norm_emit_y"], "loc_in": {"distgen:r_dist:sigma_xy:value": 0, "distgen:t_dist:length:value": 1, "distgen:total_charge:value": 2, "SOL1:solenoid_field_scale": 3, "CQ01:b1_gradient": 4, "SQ01:b1_gradient": 5, "L0A_scale:voltage": 6, "L0A_phase:dtheta0_deg": 7, "L0B_scale:voltage": 8, "L0B_phase:dtheta0_deg": 9, "QA01:b1_gradient": 10, "QA02:b1_gradient": 11, "QE01:b1_gradient": 12, "QE02:b1_gradient": 13, "QE03:b1_gradient": 14, "QE04:b1_gradient": 15}, "loc_out": {"sigma_x": 0, "sigma_y": 1, "sigma_z": 2, "norm_emit_x": 3, "norm_emit_y": 4}, "screen": "OTR2", "run": "v6_cnsga_"}
