{ "x_min": [ -7.08149054e-01, -3.20052560e-01, -2.47490000e02, -3.07859882e00, 5.05175716e-01, 5.05001162e-01, -5.74200000e07, 7.17299146e-01, -6.93000000e07, 7.17162769e-01, -3.20215909e-01, 1.33571446e00, -1.55142087e-01, 8.76426732e-01, 8.76301233e-01, -1.55057759e-01], "x_scale": [ 3.41630078e00, 1.10017492e-01, 9.90000000e-01, 1.59131863e01, 4.95194626e01, 4.95026406e01, 9.90000000e-01, 2.82934207e-02, 9.90000000e-01, 2.82868212e-02, 3.30202749e-01, 3.32222270e-01, 1.65025546e-01, 1.23777240e-01, 1.23785287e-01, 1.65053379e-01], "y_min": [ 0.00834951,  0.00885094, -0.67912807, -0.08841661, -0.08485377], "y_scale": [2.29572091e+02, 1.72618777e+02, 1.75424967e+03, 2.26993390e+05, 1.91052997e+05]}